{
    "keys": {
        "ikeh": {
            "exp": "2025-09-01",
            "maxTime": 2000,
            "maxCons": 9999,
            "curCons": 0
        },
        "staff": {
            "exp": "2024-03-01",
            "maxTime": 120,
            "maxCons": 5,
            "curCons": 0
        },
        "basic": {
            "exp": "2024-03-01",
            "maxTime": 120,
            "maxCons": 3,
            "curCons": 0
        },
        "basic2": {
             "exp": "2024-03-01",
             "maxTime": 200,
             "maxCons": 5,
             "curCons": 0
        },
        "vip": {
          "exp": "2024-03-01",
          "maxTime": 500,
          "maxCons": 10,
          "curCons": 0
        },
        "vvip": {
           "exp": "2024-03-01",
           "maxTime": 800,
           "maxCons": 15,
           "curCons": 0
        }
    }
}